,Year,Month,App_received
0,2020,January  ,241246.0
1,2020,February ,255464.0
2,2020,March    ,201875.0
3,2020,April    ,82886.0
4,2020,May      ,118698.0
5,2020,June     ,142663.0
6,2020,July     ,151879.0
7,2020,August   ,126671.0
8,2020,September,136490.0
9,2020,October  ,136821.0
10,2020,November ,143159.0
11,2020,December ,143766.0
12,2021,January  ,139010.0
13,2021,February ,145136.0
14,2021,March    ,177062.0
15,2021,April    ,163608.0
16,2021,May      ,255140.0
17,2021,June     ,181506.0
18,2021,July     ,183874.0
19,2021,August   ,173904.0
20,2021,September,199893.0
21,2021,October  ,225722.0
22,2021,November ,230810.0
23,2021,December ,208892.0
24,2022,January  ,218246.0
25,2022,February ,250685.0
26,2022,March    ,487453.0
27,2022,April    ,477789.0
28,2022,May      ,528396.0
29,2022,June     ,499944.0
30,2022,July     ,418661.0
31,2022,August   ,398165.0
32,2022,September,371935.0
33,2022,October  ,373815.0
34,2022,November ,363680.0
35,2022,December ,336479.0
36,2023,January  ,411182.0
37,2023,February ,468330.0
38,2023,March    ,557799.0
39,2023,April    ,459132.0
40,2023,May      ,588240.0
